00,廅廇瘚瘛瘜
01,廘辬瘷瘽癀廜
02,旙疓癄竌竍竳竴
03,廦旚疛疜癓癔癕癗癛癝竏
04,庉庌庍庎庒斺斻疦疨疩疪竐竓竔竕竗韴
05,庘庝疻痀痆竘竛
06,竫庛庡庢庣痋痎痏痑痓竡庰
07,庨庩庪庮庯辡痜痟痥痦竤竧
08,旑痭痶痷痸痽竨竩
09,瘙斒竮瘊瘎竬竰
10,瑧瑨瑫瑮碿磂磄磍磎磏磤
11,瑺璄璌磞磢磦磩磫璖
12,玏玐璒璔矵磰磳磾礂礇礈
13,玒玘璱璴矷矺礉礌礓礔礕
14,玜玝玡玣玧玪玬玭璻砄砊砋砎砏砓砛
15,玵玸玹玽玾玿珃珅珆珋砡砤砪砫砱砶
16,珒珗珘珚珜珝珟珢珨硂硄硆硈硉硊硌硏硑硓硘硛
17,珴珵珸珻珿琀琂琈琋琌琑琒琓硞硠硡硢硣硦硧硱硲硳硶
18,琔琗琘琙琟琠琡琣琩琸琻硸硹碃碄碐碒琽
19,瑃瑆瑈瑎瑏瑐瑖瑝碠碦碨碫碮碹瑥瑵磀
20,傃傆傐傓傛鰝鰟鰡鰢鰫鳐鳑鱁偨
21,傫傮傰傶傽僁僄鱆鱇鳚僙鱋
22,僐僔僘僜僠僡僢魛魞鱽鱊鱕鱙鱚鱛鱪
23,仛仜仠仦仩僺僿儊魠魡魢鱾鱢鱤鱩鳡
24,仯仱仴仸仹伅伆伇伌伒伓伔伨伬魣魤魧魪魫魬魭魮魰魱魲魵魶魸魹鲃鳤佢
25,伮伳伵伹伿佁佄佅佊佒佖佦佧佨魻魼魽魾魿鮂鮃鮄鮅鮇鮈鮉鮊鮋鮌鮍
26,佲侇侊侒侕侙侞侟侤鮙鮟鮠鮡鮢鮨鮩鮬鮯俢鯎
27,侰侱侲侳侸俆俇俉俋俍俒俙俧鮵鮶鮷鮹鮽鯂鯃鯄鯆鯌鯍鯏鯐鯑鯒鲪鲬
28,俼俽俿倄倎倓倗倠倧倯倰倱倷倸倽倿鯘鯙鯚鯜鯭鯮鯱鯳偖鯺
29,鰦倇偂偆偍偓偗偙偟偠偢偤偦偮偱偳鯸鯹鯾鰃鰅鰆鰇鰗鰘鰚鰠鳂鳈鳋
30,凒凔凕溍溑溒溓溔溙溭溰溸溹溻滀滆滈滒滖滛滝滣漨漽
31,滰滳滵漄漮漴漺漼
32,凘氻汃汄汈潐潓潧潽澊澻
33,汌汏汑汒汓汘汢汣澵澸澺澿濏
34,冴汥汦汮汯汱汳汵汸汻汼汿沋沎沑沘沜洰
35,冹冺沰沶沷沺泀泇泈泋泍泎泏泑泘泟泧泬泭泹
36,泿洀洂洃洇洈洉洔洘洢洣洦洭洷浀浂
37,浖浗浞浢浨浫浰浱浲浵浶浾涍涗涚涥
38,凎涫涬涳涹涺涻淐淔淯渄渏
39,渘渞渧渪湂湈湗湙湤湥湦湷湸湹溊
40,塉塕塧塨塮塯猽獂獈
41,圠塶墂墇墑墔墚獌獑獕墭墴獚
42,圤圦墱犰
43,圲圴圵圷圸墽壀犱犳
44,圿坁坃坄坅坈坉坘犼犽狆狇
45,坢坥坧坮坲坶坸坹坺坽坾垀垁狏狑狒狓狔狕狖狚狛狜
46,垍垎垑垖垘垙垥垨垪垬垯垳狟狣狤狧狪埩
47,垶垺垿埁埄埈埍埑狳狶狾猀
48,埞埣埥埻堁堒堓堔猄猅猉猏猑猓猚埪
49,塠堗堛堟堣堶堷堾塀塇猤猭猯猳猵猸猹
50,搈搛搳搹螇螈螊螕螛螠螦摓
51,摗摚摝摤摬摱摵螰螸螼蟐撗
52,扖撜撨虭虰虲蟔蟩蟫扏
53,扗扙扚扜扝扥扨虳虴虵虶虸扟抙
54,扲扽抁抂抅抈抋抎抏抐抣蚄蚅蚆蚇蚎蚏蚐蚑蚔蚖蚗蚙蚚蚛蚞蚟蚢蚥蚷蚈
55,抦抧抪抮抯抰抲抳抴抷抺抾拀拁拞蚭蚮蚲蚸蚹蚼蚽蚾蚿蛁蛂蛃蛅蛈
56,拫拸拺拻挀挃挄挋挌挏挒挓挔挕挗挧蛒蛚蛜蛝蛡蛨蛫蛯捛
57,捠挬挮挰挴挵捁捈捊捒捔捖捝蛷蛿蜁蜄揤
58,捪捯捰捳捵捸捹捾捿掁掅掋掍掑掓掝掟蜤蜭蜲蜳蝊蝫
59,蝹螋捥揁揂揇揊揋揌揘揙揟揢揨揬蝐蝑蝔蝖蝚蝞蝽
60,嗂嗌嗘嗲嗵
61,嗺嘁嘃嘊嘕嘡
62,卟叺叼嘫嘭嘾噃噇噈噊噋噒噔
63,叿吀吂吇吖夻
64,吙吜吤吥吷吺呁呅呍呏呔呚嚊囦囨囩咞
65,呞呟呥呩呬呮呯呸呹呺呾呿咁咇咉咗咘咜
66,呰呲咣咦咰咴咵咶咹咾哃哅哊哏哐哘哚哞
67,哠哣哧哫哰哱哻哾唂唃唋唍唒唕唗唣
68,唩唭唽啀啅啋啌啑啒啨啹喯
69,嗖嗢啿喅喕喗喢喥喼
70,隒髈鼸
71,隚隟飂髍髎
72,隥飈飊飚
73,瓝阠阢阣颩骪骫骬骮
74,匢厊邫阥阦阩阫阭阰颫颬鼣鼤
75,匤厏朎阷阹阾陃骲骳鼥鼦鼧鼨鼩
76,陊陎陒陓颲骹骺鼭骿
77,厗屖陙陠陦颵
78,屚陚陫陭陮陱颷鼱
79,匬厡隁隌髂髃
80,篕篖篣鎍鎐鎓鎕鎾钂
81,鏍鏔鏙鏪鏭鏮镙
82,簯簱釚釛釞釟釠釢鐇鐎鐛鐞鐟鐣鐥
83,簬竼笀笁笂釥釨釪釫釮釰釱釲釳釴釶
84,笅笇笉笌笍笐笒釾釿鈂鈅鈋鈌鈏鈖鈗鈘鈙鈠鈢鈤鈨鈩鈪鈫
85,笗笘笚笜笟笡笢笣笧笭笯笴笸鈯鈱鈲鈵鈶鈻鈼鈽鉂鉃鉊鉐鉒鉔鉖鉙鉜鉝鉟鉠鉡鉣鉪鉫鉮鉰
86,笿筀筁筂筃筄筈筕筗鉵銄銆銗銙銤銧銱铞筬
87,筟筡筢筣筨筪筰筶筸筻筽銽銿鋀鋉鋊鋍鋎鋓鋗鋜鋠鋡鋢鋥鋲鋴鋵鋶
88,箃箈箌箟箣箤箥鋺鋽鋾鋿錈錊錍錑錗錜錝錣錤錧錭錰錹錻錼錿鍃鍄锩锪
89,箲箵箶箷箺箻箼箽篂篃篈篊篍篒鍎鍑鍒鍓鍕鍗鍜鍝鍟鍡鍢鍮鍴鍻鍽鎅
90,愰愱慀慃慏糏糐糑糘煻煾煿熆熐熑熘爣愹
91,慒慛慞慡慻憀憆憈糛糡熝熣熫熮
92,忇忊籶灱灲灳熶熷熻燇燍燑燝
93,忋忓忔忕忚忛籷籺籾籿粀灹
94,炇忟忢忥忦忨忩忬忯忲忳忴忶忷忹忺粄粅粆粇粈粊粌粏粐炂炄炆炈炋炌炍炏炐炑炓怇粔
95,怉怊怋怐怑怚怞怟怢怬怮怰怴怶怺怽怾粓粖粙粚粣炟炠炡炢炣炥炦炨炩炪炲炴炵炶炻炾炿烀
96,恀恄恅恈恎恏恑恖恗恘恛恜恞恟恦恮恱恲粠粡粩粭烄烅烆烇烌烍烐烑烒烗烚烞烠烢烣烥烪焒
97,悀悂悇悈悎悏悑悓悕悙悜悢悧粯粰粴烸烼焀焃焅焆焇焍焐焑焗悿惗
98,悷悺惂惃惈惍惏惐惞粷粸焝焟焢焩焪焲焷焹焾焿煀愢
99,慅熍焥惵惼惿愄愐愑愖愘愣糂糄糆糋煋煓煘煯煰煳煵煶煷煸
